{
  "measurements": {
    "activeUsers": {
      "count": 882,
      "min": 0.0,
      "max": 24931.0,
      "mean": 7248.690476190476,
      "p95": 24556.0
    },
    "requests": {
      "count": 1323,
      "min": 0.0,
      "max": 760.0,
      "mean": 81.74452003023431,
      "p95": 288.0
    },
    "responses": {
      "count": 1323,
      "min": 0.0,
      "max": 521.0,
      "mean": 81.74452003023431,
      "p95": 268.0
    }
  },
  "highlights": {}
}