{
  "measurements": {
    "activeUsers": {
      "count": 882,
      "min": 0.0,
      "max": 25129.0,
      "mean": 7315.143990929705,
      "p95": 24515.0
    },
    "requests": {
      "count": 1323,
      "min": 0.0,
      "max": 587.0,
      "mean": 86.24338624338624,
      "p95": 302.0
    },
    "responses": {
      "count": 1323,
      "min": 0.0,
      "max": 615.0,
      "mean": 86.24338624338624,
      "p95": 287.0
    }
  },
  "highlights": {}
}