{
  "measurements": {
    "activeUsers": {
      "count": 930,
      "min": 0.0,
      "max": 25135.0,
      "mean": 7206.249462365591,
      "p95": 25006.0
    },
    "requests": {
      "count": 1395,
      "min": 0.0,
      "max": 607.0,
      "mean": 71.85806451612903,
      "p95": 298.0
    },
    "responses": {
      "count": 1395,
      "min": 0.0,
      "max": 636.0,
      "mean": 71.85806451612903,
      "p95": 272.0
    }
  },
  "highlights": {}
}