{
  "measurements": {
    "activeUsers": {
      "count": 810,
      "min": 0.0,
      "max": 25189.0,
      "mean": 8638.176543209876,
      "p95": 25123.0
    },
    "requests": {
      "count": 1215,
      "min": 0.0,
      "max": 897.0,
      "mean": 105.21152263374485,
      "p95": 345.0
    },
    "responses": {
      "count": 1215,
      "min": 0.0,
      "max": 600.0,
      "mean": 105.21152263374485,
      "p95": 289.0
    }
  },
  "highlights": {}
}